"year","lat","lon","depth","basin","x","y"
2016,35.461441339027,-76.175495507267,1.92333333333333,"east",393337.277525787,3924851.94205742
2016,35.4634882416906,-76.1756376643443,3.50666666666667,"east",393327.080796431,3925079.12248665
2016,35.4649489559563,-76.1754815094882,2.00666666666667,"east",393343.179093144,3925240.96513666
2016,35.4674087930801,-76.1751851253921,1.92333333333333,"east",393373.319950666,3925513.47155525
2016,35.4703774536359,-76.1753393524104,2.59,"east",393363.245829161,3925842.89968439
2016,35.4731192998918,-76.1763380561733,2.84,"east",393276.254430812,3926148.08412826
2016,35.4717557318839,-76.1771410424972,2.75666666666667,"east",393201.596422079,3925997.71573053
2016,35.4690820305007,-76.1765632779116,2.67333333333333,"east",393250.483492891,3925700.5438074
2016,35.4650377203109,-76.1767373700404,1.75666666666667,"east",393229.341168236,3925252.16759103
2016,35.4636162333521,-76.17670191459,2.34,"east",393230.67945113,3925094.46867305
2016,35.4621383780944,-76.1770822015369,1.67333333333333,"east",393194.218137171,3924930.96747777
2016,35.4623426869842,-76.1784931272978,1.67333333333333,"east",393066.458419121,3924955.15497926
2016,35.4628354171621,-76.1819827650452,2.42333333333333,"east",392750.456741779,3925013.58976283
2016,35.4623967083501,-76.1862433702463,2.59,"east",392363.25956905,3924969.5677195
2016,35.4623388313087,-76.19071151137,2.75666666666667,"east",391957.735064166,3924968.02842395
2016,35.4619978973972,-76.1950040516222,2.50666666666667,"east",391567.764192145,3924934.92003801
2016,35.4622808285388,-76.1980645359272,2.67333333333333,"east",391290.429492599,3924969.66592921
2016,35.4621419404032,-76.1987973657215,2.42333333333333,"east",391223.744016022,3924955.06855694
2016,35.4618236795398,-76.2000787072593,2.34,"east",391107.043271352,3924921.18174314
2016,35.4616381880226,-76.2008209247852,1.92333333333333,"east",391039.442363031,3924901.42717317
2016,35.4655104596498,-76.2018713448906,2.17333333333333,"east",390949.352061867,3925332.07113874
2016,35.4655892076301,-76.2042484526301,1.92333333333333,"east",390733.763534051,3925343.43348773
2016,35.4657159420061,-76.2060627155716,3.00666666666667,"east",390569.311959982,3925359.49934914
2016,35.4649269534605,-76.2086208724195,2.92333333333333,"east",390336.118060004,3925274.82880104
2016,35.4650076292786,-76.2094019819761,2.67333333333333,"east",390265.350433646,3925284.64467012
2016,35.4652453400525,-76.2107769493723,2.17333333333333,"east",390140.910460177,3925312.53893617
2016,35.4664592491793,-76.2113645207847,2.09,"east",390089.246791305,3925447.83110118
2016,35.4680926306503,-76.2115410436654,2.25666666666667,"east",390075.452640343,3925629.19078717
2016,35.4685136536467,-76.2115203403646,2.84,"east",390077.904199032,3925675.86464416
2016,35.4688449483695,-76.2115467433596,1.75666666666667,"east",390075.959440295,3925712.63892518
2016,35.4726447584438,-76.2116221804881,2.75666666666667,"east",390074.287129843,3926134.17129678
2016,35.4780934984195,-76.2119609770143,3.17333333333333,"east",390050.967919571,3926738.88524922
2016,35.4858341021794,-76.2125411723519,2.84,"east",390008.877792905,3927598.06701283
2016,35.4924615891981,-76.2136240304226,2.92333333333333,"east",389919.686183102,3928334.3513797
2016,35.4931783257383,-76.2137959432567,4.17333333333333,"east",389905.070203779,3928414.03890285
2016,35.4936164478171,-76.2138109468633,2.75666666666667,"east",389904.307066474,3928462.64927094
2016,35.4976337682786,-76.2141326443071,2.59,"east",389880.610109895,3928908.58329498
2016,35.5002777139055,-76.2143922318483,2.84,"east",389860.67467426,3929202.12246567
2016,35.50222415946,-76.2144661602343,2.84,"east",389856.627210919,3929418.09226424
2016,35.5069404887366,-76.2147387397254,2.84,"east",389838.346945146,3929941.50194355
2016,35.5072685983363,-76.2147517316753,3.42333333333333,"east",389837.616871464,3929977.90830158
2016,35.5126229161727,-76.2155666203017,5.50666666666667,"east",389771.032626233,3930572.6862708
2016,35.5130897462699,-76.2155492697621,2.75666666666667,"east",389773.244261486,3930624.44477892
2016,35.5190653307694,-76.2161738891864,2.67333333333333,"east",389724.77450981,3931287.91832115
2016,35.5229875585395,-76.2171906978602,2.92333333333333,"east",389637.942258182,3931724.08585175
2016,35.523409000631,-76.2175848987663,2.67333333333333,"east",389602.775755531,3931771.2710227
2016,35.5270690005604,-76.2184135337139,1.92333333333333,"east",389532.657344116,3932178.14466426
2016,35.5307027232233,-76.213482376259,2.25666666666667,"east",389984.72326013,3932575.66105306
2016,35.5312130973074,-76.2088260614092,2.59,"east",390407.58318066,3932627.08183252
2016,35.5335583957243,-76.2013136130536,2.25666666666667,"east",391091.866209867,3932878.88173061
2016,35.5356163625005,-76.1949604657257,1.84,"east",391670.62150666,3933100.13768894
2016,35.5361779919225,-76.1839734670484,1.84,"east",392667.444926957,3933150.40978766
2016,35.5374286976043,-76.1811884120816,2.09,"east",392921.59692017,3933286.10090122
2016,35.5374430306587,-76.1740078032726,2.67333333333333,"east",393572.590276137,3933279.91292586
2016,35.5394295417103,-76.166849322688,2.75666666666667,"east",394224.166451373,3933492.53752953
2016,35.543491956811,-76.1600917485321,3.34,"east",394842.077341827,3933935.88270725
2016,35.5450537568289,-76.1565355584735,2.59,"east",395166.479804959,3934105.31847044
2016,35.5485946918237,-76.1544925533944,1.67333333333333,"east",395356.276374537,3934495.88475464
2016,35.5483279796648,-76.1535851285571,2.17333333333333,"east",395438.183079365,3934465.33940513
2016,35.5560829164791,-76.1431230046564,2.17333333333333,"east",396396.498400195,3935314.41499483
2016,35.5602313299063,-76.1360645201766,1.84,"east",397041.55639727,3935767.13009192
2016,35.5609069532115,-76.1294630170577,2.09,"east",397640.717274025,3935835.18587416
2016,35.5569011578667,-76.1197636463457,2.17333333333333,"east",398514.723772823,3935380.85371703
2016,35.5511658825311,-76.1060571391844,2.09,"east",399749.867399049,3934730.70270974
2016,35.5466023553494,-76.1039932631665,3.09,"east",399931.268378129,3934222.45015657
2016,35.547002926502,-76.1027810723298,2.00666666666667,"east",400041.646051405,3934265.64833744
2016,35.5471237516362,-76.1001232546532,1.75666666666667,"east",400282.715436185,3934276.35649288
2016,35.546843125518,-76.0994582344555,1.67333333333333,"east",400342.6492888,3934244.55864452
2016,35.5464350106526,-76.0987177771294,1.84,"east",400409.263988179,3934198.54481636
2016,35.5457323138002,-76.1004965846204,2.00666666666667,"east",400247.151224502,3934122.40592302
2016,35.5471544713113,-76.1088516657018,2.42333333333333,"east",399491.561674923,3934288.63176785
2016,35.5486171972338,-76.1134889536315,2.59,"east",399073.045025996,3934455.60724859
2016,35.5487316102121,-76.1241227389091,2.84,"east",398109.300247997,3934479.24139567
2016,35.5485154409293,-76.132978554886,3.17333333333333,"east",397306.297656046,3934464.45911848
2016,35.5472480133507,-76.1422974710131,3.09,"east",396459.960729032,3934333.63679785
2016,35.5458036018866,-76.1503835768217,3.17333333333333,"east",395725.118206547,3934181.95893224
2016,35.5441475892771,-76.1526895222032,3.34,"east",395513.941392938,3934000.72734114
2016,35.5432153959158,-76.1476540100539,3.42333333333333,"east",395969.203574912,3933892.00696487
2016,35.5420359783206,-76.1416570097917,3.84,"east",396511.318722125,3933754.8794608
2016,35.5408889986906,-76.1325282790476,3.59,"east",397337.391452826,3933618.11613731
2016,35.5417102994728,-76.1212542840057,3.17333333333333,"east",398360.447611538,3933697.52320874
2016,35.5411858018819,-76.1145226937496,2.84,"east",398970.020746099,3933632.4277465
2016,35.5410195049229,-76.107419701364,2.84,"east",399613.716484229,3933606.7247661
2016,35.5402168119657,-76.1007065512949,2.75666666666667,"east",400221.285839733,3933510.87838762
2016,35.5381403211835,-76.0930790194088,2.34,"east",400910.192572133,3933272.87355484
2016,35.5361402314487,-76.0865218565577,1.84,"east",401502.190547471,3933044.4656793
2016,35.5338976951647,-76.0840595048629,1.84,"east",401722.686437691,3932793.28239785
2016,35.5321345618326,-76.0822283942961,1.92333333333333,"east",401886.548508207,3932595.90478089
2016,35.5319173867214,-76.0864096228742,2.34,"east",401507.203326495,3932575.98712192
2016,35.5316527700383,-76.0924921185487,2.34,"east",400955.423341139,3932552.73234324
2016,35.5316468607965,-76.1007684097403,2.75666666666667,"east",400205.063100326,3932560.42425004
2016,35.5308296671468,-76.1122303270512,3.25666666666667,"east",399164.868101184,3932481.45137197
2016,35.5302624218497,-76.1213284638488,3.17333333333333,"east",398339.278329107,3932427.88133949
2016,35.5297724996093,-76.1294536293262,3.67333333333333,"east",397601.989281354,3932381.95235803
2016,35.5283026490691,-76.1437250767612,3.92333333333333,"east",396306.170518033,3932233.84487716
2016,35.5279187579039,-76.15332864232,3.75666666666667,"east",395434.943604167,3932201.41038683
2016,35.5278533790592,-76.1632854212785,3.67333333333333,"east",394532.099042925,3932204.76576809
2016,35.5264609773043,-76.1847769562865,3.75666666666667,"east",392581.648269992,3932073.53484884
2016,35.5246159108686,-76.1932246573979,3.75666666666667,"east",391813.220622396,3931878.12923438
2016,35.5237513175565,-76.2019186188245,3.75666666666667,"east",391023.753497993,3931791.80910471
2016,35.5243003741237,-76.2086322718078,3.34,"east",390415.753190788,3931860.14880019
2016,35.5161110032681,-76.2113895826751,3.67333333333333,"east",390154.582030509,3930954.90227747
2016,35.5151625909242,-76.2034454663062,4.17333333333333,"east",390873.683405402,3930840.88993722
2016,35.5130344257089,-76.1978814751619,3.92333333333333,"east",391375.373351363,3930598.70438544
2016,35.5099599017161,-76.191340573203,4.00666666666667,"east",391964.415248705,3930250.51320534
2016,35.5075866496521,-76.184931770038,4.00666666666667,"east",392542.456381322,3929980.28637512
2016,35.505599048953,-76.1775705312157,4.09,"east",393207.421873414,3929751.8400123
2016,35.5038509611371,-76.1707774177903,4.00666666666667,"east",393821.208851974,3929550.62045398
2016,35.5024220981034,-76.1640699674153,4.09,"east",394427.670588304,3929384.94153987
2016,35.5005605193186,-76.1562782340461,3.84,"east",395131.933303567,3929170.15736095
2016,35.4983841162506,-76.1461010948533,3.92333333333333,"east",396052.180061441,3928917.99539093
2016,35.4960284661832,-76.1350607872718,3.67333333333333,"east",397050.539145158,3928645.14754819
2016,35.4936899151984,-76.1257772427761,3.34,"east",397889.628404476,3928376.12575576
2016,35.4911211971524,-76.1175060645455,2.92333333333333,"east",398636.646456296,3928082.69506022
2016,35.4922628542739,-76.1130510830098,2.75666666666667,"east",399042.180493448,3928204.75123831
2016,35.4929253599006,-76.10255425803,2.59,"east",399995.140930033,3928267.54132826
2016,35.4930007551196,-76.1023478117549,1.59,"east",400013.960386134,3928275.69433668
2016,35.4896207526657,-76.1020702031218,2.00666666666667,"east",400034.954338987,3927900.53034048
2016,35.4874247778537,-76.1123402976208,2.92333333333333,"east",399100.605222328,3927667.42314806
2016,35.4830879392433,-76.1215634924137,2.25666666666667,"east",398258.475996143,3927195.88502275
2016,35.4823704483318,-76.1248966400289,2.84,"east",397955.193030529,3927119.74791251
2016,35.4785871925163,-76.1272108834946,1.67333333333333,"east",397740.455778674,3926702.53445669
2016,35.4745570058333,-76.1370571889692,2.00666666666667,"east",396842.020443918,3926265.78371453
2016,35.474282624233,-76.1378670484537,1.92333333333333,"east",396768.193068835,3926236.19812307
2016,35.4730736185196,-76.1496907287055,2.84,"east",395693.893078325,3926114.53403571
2016,35.4676125152367,-76.1517712008917,2.17333333333333,"east",395498.066674536,3925511.03130016
2016,35.4648883967059,-76.1536025629157,1.34,"east",395328.36690075,3925210.83344429
2016,35.4674367886367,-76.153360242095,1.59,"east",395353.656482347,3925493.22423498
2016,35.46577532779,-76.1599376053327,2.09,"east",394754.689385183,3925315.93946763
2016,35.4643558524879,-76.1677988246793,2.00666666666667,"east",394039.518166257,3925166.91047786
2016,35.4660612764167,-76.1726154015178,2.26666666666667,"east",393604.711359474,3925361.24289847
2016,35.4725972330528,-76.1713398434931,2.93333333333333,"east",393729.05308847,3926084.78802106
2016,35.4762201849702,-76.1611850001627,3.1,"east",394655.129613939,3926475.73352088
2016,35.4801631998601,-76.1531149037892,3.18333333333333,"east",395392.405522018,3926904.47967772
2016,35.4803235456678,-76.1526655499601,3.26666666666667,"east",395433.379239495,3926921.78784207
2016,35.4887678101989,-76.1334989034348,3.43333333333333,"east",397182.95640955,3927838.22226684
2016,35.4920854512933,-76.1264910456502,3.26666666666667,"east",397822.850582954,3928198.90994968
2016,35.4952115659001,-76.1183183547818,3.01666666666667,"east",398568.106496948,3928537.20160481
2016,35.4979375703591,-76.1057082843744,2.93333333333333,"east",399715.279934872,3928826.6573912
2016,35.4971235199231,-76.0945419129693,2.43333333333333,"east",400727.07832898,3928725.07592834
2016,35.4997351114037,-76.0903015081548,2.1,"east",401114.891553216,3929010.47402139
2016,35.5070110224518,-76.083187451657,2.18333333333333,"east",401768.988753094,3929810.35182998
2016,35.5146934138942,-76.0839835648202,2.43333333333333,"east",401706.153586868,3930663.21509026
2016,35.5242543993849,-76.0914919060432,2.6,"east",401037.02064285,3931731.15613365
2016,35.5311093712557,-76.0968830623441,2.68333333333333,"east",400556.656913156,3932496.88334259
2016,35.5308667570684,-76.101000337001,2.68333333333333,"east",400183.069522406,3932474.13569584
2016,35.5302111246023,-76.1057645269447,2.93333333333333,"east",399750.313833104,3932406.2523515
2016,35.5296631576824,-76.110932137888,3.35,"east",399281.109123884,3932350.74340926
2016,35.5290077347639,-76.1151795835012,3.26666666666667,"east",398895.190662574,3932282.3965999
2016,35.528341876376,-76.1195121892505,3.35,"east",398501.53141819,3932212.99657711
2016,35.5267849797714,-76.125200903114,3.51666666666667,"east",397983.782362225,3932046.18862085
2016,35.5261534871864,-76.1306384951585,3.76666666666667,"east",397489.959522084,3931981.78838557
2016,35.5261342507187,-76.1308400799298,3.85,"east",397471.657464099,3931979.86443951
2016,35.5245273560616,-76.1428715475613,4.01666666666667,"east",396378.703595916,3931814.21798287
2016,35.5238003097805,-76.1484706588799,3.76666666666667,"east",395870.084679989,3931739.47830126
2016,35.5221947981375,-76.1562984344327,3.51666666666667,"east",395158.233544921,3931569.70157791
2016,35.521081974763,-76.1634906102681,3.85,"east",394504.632066867,3931453.94636207
2016,35.5192395067173,-76.1686996278131,3.85,"east",394029.879424575,3931255.17806033
2016,35.5115574086416,-76.1810196005517,4.01666666666667,"east",392902.52823905,3930416.44099395
2016,35.5061079562041,-76.1883592978829,4.01666666666667,"east",392229.634655795,3929820.01928597
2016,35.5027012992981,-76.1948534288222,4.18333333333333,"east",391636.087700081,3929449.29063403
2016,35.4996560281473,-76.2010309752787,4.43333333333333,"east",391071.693228839,3929118.33328391
2016,35.4969424708146,-76.2061664835328,4.26666666666667,"east",390602.222659084,3928823.04618946
2016,35.4948487971309,-76.209996510368,4.01666666666667,"east",390251.979184699,3928595.08353003
2016,35.4926152294832,-76.2061912101472,4.1,"east",390594.11239522,3928343.12473462
2016,35.4889039323064,-76.2053438835556,3.1,"east",390665.943433106,3927930.55335813
2016,35.4862905806261,-76.2044568267429,2.76666666666667,"east",390742.872451519,3927639.71560335
2016,35.4839496407988,-76.2038442772592,2.76666666666667,"east",390795.272694017,3927379.39653932
2016,35.4863301012996,-76.2015819177741,3.76666666666667,"east",391003.723431111,3927640.9197038
2016,35.4892677907231,-76.1988946796173,4.18333333333333,"east",391251.454809568,3927963.78320858
2016,35.4923421051684,-76.1957213748956,4.35,"east",391543.442576066,3928301.27240275
2016,35.4960940545755,-76.1917852331662,4.43333333333333,"east",391905.509384589,3928713.09334426
2016,35.4984065797511,-76.1885250919277,4.1,"east",392204.306862996,3928966.01570843
2016,35.5002345890137,-76.1845588591659,4.1,"east",392566.483721757,3929164.43932841
2016,35.4998815851617,-76.1785053648764,3.93333333333333,"east",393115.062906794,3929118.71074536
2016,35.4991827020752,-76.1727741547638,4.1,"east",393633.959334194,3929035.00086851
2016,35.4984721681434,-76.1668130290472,4.1,"east",394173.70272612,3928949.78242562
2016,35.4979032883751,-76.161619266566,4.1,"east",394644.039096348,3928881.12727592
2016,35.4973489092993,-76.1547920387948,3.93333333333333,"east",395262.559488651,3928812.36992451
2016,35.4968654830339,-76.148922862556,3.85,"east",395794.281708081,3928752.53662959
2016,35.496429624069,-76.142379278388,3.76666666666667,"east",396387.24193033,3928697.30241261
2016,35.4956364445719,-76.1363874749058,3.6,"east",396929.703244475,3928603.05266043
2016,35.4950171476561,-76.1327753775531,3.51666666666667,"east",397256.545764263,3928530.59735739
2016,35.4931334406468,-76.1352154333853,3.51666666666667,"east",397032.817830554,3928324.21460284
2016,35.4929808480996,-76.1353813112491,3.6,"east",397017.576855172,3928307.4633183
2016,35.4912161641153,-76.1381128896737,3.51666666666667,"east",396767.546411943,3928114.59244807
2016,35.4856853233981,-76.1463740934396,3.43333333333333,"east",396011.055408828,3927509.82783192
2016,35.4834481515321,-76.1496940814668,3.43333333333333,"east",395706.991507035,3927265.20119717
2016,35.4814283643248,-76.1524254922533,3.26666666666667,"east",395456.588349769,3927044.07163173
2016,35.4808753263536,-76.1533641815895,3.26666666666667,"east",395370.713650441,3926983.72758402
2016,35.47721222512,-76.1586719379538,3.1,"east",394884.421108134,3926583.08389615
2016,35.4747406114223,-76.1618501041794,2.85,"east",394592.855900764,3926312.34045873
2016,35.474201948415,-76.1627379991823,2.85,"east",394511.59557176,3926253.54454193
2016,35.4701679898756,-76.1673819926345,2.68333333333333,"east",394084.963305363,3925811.10110761
2016,35.531912818584,-76.274403641071,3.45666666666667,"west",384462.997088525,3932779.5795753
2016,35.5284646712575,-76.2717273832078,4.29,"west",384700.704841073,3932393.99501501
2016,35.5257200170639,-76.2701549381728,4.20666666666667,"west",384839.353757816,3932087.73415861
2016,35.5221602646965,-76.270678639483,4.70666666666667,"west",384786.780336513,3931693.5169845
2016,35.5187118240032,-76.2721448858047,4.29,"west",384648.892925215,3931312.74860133
2016,35.5143478699359,-76.2725143600966,4.04,"west",384609.143093924,3930829.15445904
2016,35.5091723380941,-76.2740908284451,4.04,"west",384458.766094735,3930256.95834393
2016,35.5024041608307,-76.2760403753037,2.37333333333333,"west",384272.249804139,3929508.55499054
2016,35.4988623876455,-76.2775459327514,2.62333333333333,"west",384130.611665637,3929117.48861789
2016,35.496946158852,-76.2792105787213,2.37333333333333,"west",383976.869415635,3928906.90775138
2016,35.4965936160046,-76.281527588215,2.45666666666667,"west",383766.199526757,3928870.53313835
2016,35.4957154859188,-76.2813014444674,2.20666666666667,"west",383785.4468392,3928772.86942611
2016,35.4958563857111,-76.2830320560152,2.37333333333333,"west",383628.674298758,3928790.53727569
2016,35.4983267421234,-76.2834602874483,2.45666666666667,"west",383593.396011871,3929065.0407638
2016,35.4968746193084,-76.2871096842701,2.12333333333333,"west",383260.285386188,3928908.29172301
2016,35.493159047361,-76.2887419760938,1.95666666666667,"west",383106.846659462,3928498.11369606
2016,35.4894772963929,-76.2891008053685,2.12333333333333,"west",383068.962755501,3928090.17952264
2016,35.4844714980903,-76.2895307131822,2.12333333333333,"west",383022.709378323,3927535.47407918
2016,35.4822940891939,-76.2935727183486,1.79,"west",382652.860676664,3927298.76705507
2016,35.480855377424,-76.2998117041553,2.20666666666667,"west",382084.754267381,3927146.62976774
2016,35.4854003386902,-76.296195332032,2.29,"west",382419.460647905,3927646.41659675
2016,35.4912095005023,-76.2934730575199,2.62333333333333,"west",382674.863365528,3928287.49632022
2016,35.4961794661688,-76.2921392452682,3.12333333333333,"west",382803.073448001,3928837.15248667
2016,35.5017199460748,-76.2930323370512,2.04,"west",382730.120109068,3929452.73413868
2016,35.5055835005227,-76.2940925639833,2.04,"west",382639.580786297,3929882.52024527
2016,35.5055061355564,-76.2939385884221,1.79,"west",382653.432942543,3929873.75612327
2016,35.5081016756925,-76.2881596014614,2.20666666666667,"west",383181.314883601,3930154.77945082
2016,35.5080060381773,-76.2879296858574,2.45666666666667,"west",383202.027761308,3930143.89953621
2016,35.5040525878179,-76.2893760670687,2.20666666666667,"west",383065.120986259,3929707.11760499
2016,35.5012788903299,-76.290500080284,2.04,"west",382959.152622905,3929400.80701961
2016,35.4951290879729,-76.3074571733142,2.04,"west",381412.115909608,3928738.95516937
2016,35.4979145620349,-76.309893289652,2.62333333333333,"west",381195.246689121,3929050.83662598
2016,35.5006758543062,-76.312900884148,1.87333333333333,"west",380926.524106309,3929360.73145272
2016,35.5008726194831,-76.3102801144834,2.95666666666667,"west",381164.518173095,3929379.39518675
2016,35.5032274732697,-76.3062262908335,3.04,"west",381535.658112596,3929635.70733022
2016,35.5067622475657,-76.3027431071515,2.45666666666667,"west",381856.751181207,3930023.58857802
2016,35.5077829538244,-76.3013983146067,2.45666666666667,"west",381980.208473273,3930135.19004952
2016,35.5095203966233,-76.3023670111562,2.54,"west",381894.900090911,3930329.05804212
2016,35.5084155360568,-76.3064616546745,3.04,"west",381521.93313244,3930211.42376416
2016,35.5065840063947,-76.3122251351143,2.62333333333333,"west",380996.532247865,3930015.21861066
2016,35.5065332120615,-76.3123839721794,2.62333333333333,"west",380982.051795006,3930009.77641872
2016,35.5122240633103,-76.3088571187819,1.87333333333333,"west",381310.291214674,3930636.72717229
2016,35.5130519019771,-76.3048340567167,2.37333333333333,"west",381676.345905022,3930723.71230062
2016,35.5154754454601,-76.3017627597566,1.79,"west",381958.418304848,3930988.83881576
2016,35.5201327242288,-76.3021706231649,2.45666666666667,"west",381928.253481366,3931505.88967809
2016,35.524712051298,-76.3002836053039,1.79,"west",382106.063196683,3932011.54828767
2016,35.5266791163343,-76.2965860125388,2.20666666666667,"west",382444.204202339,3932225.31005227
2016,35.5171780614513,-76.2896084972436,2.29,"west",383063.076691098,3931163.20236614
2016,35.5120830377895,-76.2842177600379,2.37333333333333,"west",383544.556407137,3930591.70917397
2016,35.5142619135189,-76.2780369446392,3.37333333333333,"west",384108.207625109,3930826.09704817
2016,35.5209007161069,-76.2783478294278,4.37333333333333,"west",384089.561150512,3931562.80361695
2016,35.5267587025049,-76.2785393559153,5.04,"west",384080.619871137,3932212.76657576
2016,35.5321538821194,-76.2785501685704,3.04,"west",384087.400718011,3932811.18544713
2016,35.5323828338045,-76.2651273888315,3.12333333333333,"west",385304.692968771,3932820.8775646
2016,35.5331417313176,-76.2645855826105,2.79,"west",385354.895113224,3932904.420223
2016,35.5273032328445,-76.2633458991314,3.95666666666667,"west",385458.989402489,3932255.40331803
2016,35.5226762127462,-76.2625145819748,4.04,"west",385527.792653925,3931741.23334539
2016,35.5180129828262,-76.2637020461972,4.70666666666667,"west",385413.490685946,3931225.39248445
2016,35.5133963981974,-76.2645047810639,4.87333333333333,"west",385334.132648531,3930714.27935737
2016,35.5091750622126,-76.2652327493543,4.29,"west",385262.110002993,3930246.91888055
2016,35.5040726205665,-76.2658173032815,4.12333333333333,"west",385201.833882088,3929681.66493032
2016,35.4998358618799,-76.2665380631352,3.70666666666667,"west",385130.430582321,3929212.58685743
2016,35.4945818754244,-76.2667357922311,2.70666666666667,"west",385105.014136809,3928630.07524602
2016,35.4897517618122,-76.2658292894031,2.45666666666667,"west",385180.366926574,3928093.29206856
2016,35.4872479616064,-76.2573943287844,2.70666666666667,"west",385941.979145348,3927805.80283194
2016,35.4872467462304,-76.2573167961801,4.12333333333333,"west",385949.010768124,3927805.57841374
2016,35.4967771377745,-76.2547487486864,4.20666666666667,"west",386195.412371108,3928859.66686389
2016,35.496880193274,-76.2544361875171,4.12333333333333,"west",386223.908213869,3928870.73664609
2016,35.50210643563,-76.2547085155512,4.45666666666667,"west",386206.57954771,3929450.71474991
2016,35.4986963840532,-76.2528779917175,5.12333333333333,"west",386367.800600343,3929070.3817708
2016,35.4939484969112,-76.2507245131547,4.20666666666667,"west",386556.448806947,3928541.29620373
2016,35.4885284649539,-76.248420830887,4.12333333333333,"west",386757.802892093,3927937.4930317
2016,35.483079389702,-76.2465876248444,3.20666666666667,"west",386916.464125255,3927331.01331491
2016,35.478515191968,-76.2455281522835,2.62333333333333,"west",387006.190094346,3926823.56796453
2016,35.4743546247813,-76.2450505514408,3.20666666666667,"west",387043.699410327,3926361.55794201
2016,35.4734601918938,-76.2487385888363,2.79,"west",386707.832543252,3926266.57987145
2016,35.4735526442858,-76.2540179305489,2.54,"west",386228.967880118,3926282.90619608
2016,35.4738908540788,-76.2572829332913,3.12333333333333,"west",385933.211982949,3926324.18640176
2016,35.4747891845512,-76.2612850405986,2.37333333333333,"west",385571.375275213,3926428.45579523
2016,35.4759732121932,-76.2642218918319,2.20666666666667,"west",385306.600571103,3926563.18944549
2016,35.4751979280594,-76.2672981341148,2.54,"west",385026.397145189,3926480.77865376
2016,35.4740088712754,-76.2686466146971,2.62333333333333,"west",384902.356844438,3926350.46735093
2016,35.4740430275309,-76.2640344724769,2.54,"west",385320.863186976,3926348.88755121
2016,35.4716030136081,-76.260057175603,2.04,"west",385678.26693727,3926073.64296943
2016,35.4692426277655,-76.2550505810196,2.29,"west",386129.19805902,3925806.05738626
2016,35.4677303228858,-76.2518779468501,1.87333333333333,"west",386414.93950254,3925634.66738645
2016,35.4647223092946,-76.2470607832784,2.62333333333333,"west",386847.81792109,3925295.50665139
2016,35.4604083532798,-76.2402277719939,1.45666666666667,"west",387461.834039996,3924809.22209954
2016,35.4615458613592,-76.238597408008,1.62333333333333,"west",387611.363270394,3924933.5298188
2016,35.4588468466284,-76.2328618393058,1.70666666666667,"west",388128.09000852,3924627.66033691
2016,35.4593545385035,-76.2313231733406,1.87333333333333,"west",388268.42031328,3924682.22788449
2016,35.4657914629536,-76.2283966318483,3.04,"west",388542.873035973,3925392.85956919
2016,35.4656744515854,-76.2279026024753,2.87333333333333,"west",388587.539071514,3925379.32386137
2016,35.45958164617,-76.2173478585446,2.45666666666667,"west",389536.929118002,3924691.69339823
2016,35.463719079304,-76.2168758735771,2.37333333333333,"west",389585.414729125,3925150.06029369
2016,35.4668710939916,-76.2216603477264,2.62333333333333,"west",389155.594141358,3925505.02087056
2016,35.4703293415117,-76.2295809109474,2.87333333333333,"west",388441.681764234,3925897.50783625
2016,35.4727176810014,-76.2305323407764,3.12333333333333,"west",388358.657306824,3926163.48200657
2016,35.4714984912756,-76.2263041735405,2.95666666666667,"west",388740.601768764,3926023.4839702
2016,35.4695382574903,-76.2221886590833,1.95666666666667,"west",389111.318791958,3925801.43755132
2016,35.4677108768704,-76.2144265138323,2.37333333333333,"west",389813.116800926,3925590.06600582
2016,35.4681067541572,-76.2134035025502,2.20666666666667,"west",389906.480484508,3925632.83263014
2016,35.4685083311382,-76.2132608425582,2.79,"west",389919.972180253,3925677.21365266
2016,35.46864927284,-76.2132014148647,1.95666666666667,"west",389925.556458793,3925692.77965578
2016,35.4727734206575,-76.2134750001842,1.87333333333333,"west",389906.355234745,3926150.50648318
2016,35.4783158284011,-76.2137883157248,2.20666666666667,"west",389885.486938875,3926765.5817227
2016,35.4827451194036,-76.214098027047,2.37333333333333,"west",389863.431757228,3927257.19420631
2016,35.4927216796535,-76.2148982473428,2.54,"west",389804.459368388,3928364.62129813
2016,35.4934299504715,-76.2151034363324,3.12333333333333,"west",389786.814520613,3928443.40724789
2016,35.4935301980334,-76.2150136661494,2.95666666666667,"west",389795.094241482,3928454.42577509
2016,35.5010601645666,-76.2155039236659,2.70666666666667,"west",389760.914106176,3929290.14866298
2016,35.5060989875677,-76.2161553651804,2.70666666666667,"west",389708.719567923,3929849.75111742
2016,35.5122532742429,-76.2166533340478,2.70666666666667,"west",389671.977546367,3930532.90310343
2016,35.5128347268659,-76.2167918030882,3.54,"west",389660.216033873,3930597.54915365
2016,35.5227069324213,-76.2185917329753,2.37333333333333,"west",389510.520156628,3931694.52969306
2016,35.5232614372256,-76.2186804135109,3.37333333333333,"west",389503.239303959,3931756.13143823
2016,35.5262074666429,-76.2231017836148,2.29,"west",389106.391018692,3932087.85200394
2016,35.5229592277068,-76.227613510635,2.79,"west",388692.824847596,3931732.66076436
2016,35.5211542267683,-76.2310725544358,3.45666666666667,"west",388376.679418393,3931536.37127796
2016,35.5186265381384,-76.2363075558806,3.45666666666667,"west",387898.474175536,3931261.9540579
2016,35.5161886196914,-76.2394967023993,3.79,"west",387605.886368127,3930995.18475263
2016,35.511343292925,-76.2461258657987,4.70666666666667,"west",386997.950502738,3930465.34532375
2016,35.5118696764442,-76.2494100630993,4.20666666666667,"west",386700.854817873,3930527.49693029
2016,35.5154117010865,-76.2547365111078,4.87333333333333,"west",386222.814462249,3930926.49082542
2016,35.5177674768823,-76.2543556374277,4.54,"west",386260.676880431,3931187.34088647
2016,35.5209330283436,-76.2544786837662,4.29,"west",386253.985923726,3931538.58822932
2016,35.5251531070429,-76.2548952643538,4.20666666666667,"west",386222.169256281,3932007.13691359
2016,35.5313355569127,-76.2554154452647,3.29,"west",386183.735936963,3932693.4614601
2016,35.46686778314,-76.191841811013,3.27333333333333,"east",391861.232941254,3925471.58380875
2016,35.4691585153672,-76.1970362440461,3.10666666666667,"east",391392.987063676,3925731.3572709
2016,35.4692987865167,-76.1972010322625,2.60666666666667,"east",391378.223786002,3925747.09643717
2016,35.4729177989396,-76.2061090674961,3.35666666666667,"east",390574.864567611,3926158.32963926
2016,35.4767090175631,-76.2032897305453,3.02333333333333,"east",390835.789166829,3926575.70329679
2016,35.4810104007232,-76.1978243944013,3.77333333333333,"east",391337.425994406,3927046.75161786
2016,35.4742244957345,-76.1976311915332,3.44,"east",391345.821450459,3926293.89422037
2016,35.4722099891263,-76.1921946053171,3.35666666666667,"east",391836.376685545,3926064.48893471
2016,35.4773565195831,-76.1904986948484,3.77333333333333,"east",391997.132144462,3926633.44810377
2016,35.4820996709498,-76.1904666759783,4.10666666666667,"east",392006.382254392,3927159.48967176
2016,35.4876167653459,-76.1900143884832,4.35666666666667,"east",392054.79229648,3927770.91216693
2016,35.5127638997841,-76.1871072091872,4.08666666666667,"east",392352.07528938,3930556.88501664
2016,35.517950160462,-76.1859334912861,3.83666666666667,"east",392465.431657545,3931130.8305262
2016,35.5180342309508,-76.1857765820587,2.92,"east",392479.772202715,3931139.9839692
2016,35.5309066549274,-76.1775864568317,3.25333333333333,"east",393239.498368217,3932558.80976628
2016,35.5292598624113,-76.1675878521764,3.58666666666667,"east",394143.854148648,3932365.37520381
2016,35.523819923434,-76.1713487283105,3.67,"east",393795.700437804,3931766.05782281
2016,35.5201955885026,-76.1765775271469,3.92,"east",393316.795004928,3931369.71551895
2016,35.5148783186781,-76.1726128031278,3.83666666666667,"east",393669.289819401,3930775.6769148
2016,35.5112153431731,-76.1698830687219,4.00333333333333,"east",393912.009821723,3930366.46459238
2016,35.5093636969435,-76.1648114305699,4.00333333333333,"east",394369.514299883,3930155.64897908
2016,35.5074203526932,-76.1604175531083,3.92,"east",394765.453463212,3929935.40976101
2016,35.5062282784241,-76.1541128531808,3.83666666666667,"east",395335.684906742,3929796.48477941
2016,35.5129401292983,-76.1579829455131,3.67,"east",394993.438050028,3930545.02983793
2016,35.5168381752777,-76.1504450161719,3.75333333333333,"east",395682.055700627,3930969.3735726
2016,35.5327606480899,-76.1575295683706,4.08666666666667,"east",395060.360968694,3932742.90469103
2016,35.5364556843746,-76.1511009000951,4.08666666666667,"east",395647.984726817,3933145.90839211
2016,35.5335334595624,-76.1366670113766,3.83666666666667,"east",396952.794858896,3932806.6090106
2016,35.5189311364996,-76.1389967613631,3.92,"east",396722.865923891,3931189.45905857
2016,35.5108495569187,-76.1391377449745,3.75333333333333,"east",396699.728010617,3930293.25576875
2016,35.5108935619104,-76.1389653292262,3.75333333333333,"east",396715.42020362,3930297.95590464
2016,35.5056263739574,-76.1392384954506,3.92,"east",396683.900013279,3929714.0438401
2016,35.5007191468361,-76.135505195778,3.75333333333333,"east",397016.217710247,3929165.86651563
2016,35.5008714041072,-76.1288635433429,3.83666666666667,"east",397618.796252745,3929175.84040971
2016,35.5142988358024,-76.1294304114544,3.75333333333333,"east",397584.435551723,3930665.70012899
2016,35.5189036857668,-76.1253297329658,3.58666666666667,"east",397962.124767767,3931172.18547434
2016,35.5232000397849,-76.1125207599961,3.42,"east",399128.98709729,3931635.52573433
2016,35.5232961802143,-76.1045144499057,3.25333333333333,"east",399855.059302202,3931638.02716224
2016,35.5231924960721,-76.1042676866763,3.25333333333333,"east",399877.30512748,3931626.27667117
2016,35.5161977140564,-76.1011333578044,3.33666666666667,"east",400152.839229341,3930847.28980718
2016,35.5048057018179,-76.1005978380107,3.08666666666667,"east",400187.300804151,3929583.23357769
2016,35.5040919827628,-76.1075464357399,3.33666666666667,"east",399556.221268038,3929511.12690553
2016,35.5097674951288,-76.1082319916003,3.58666666666667,"east",399501.117956063,3930141.30944022
2016,35.5138748372304,-76.1128109414839,3.33666666666667,"east",399091.003619746,3930601.54039178
2016,35.5066189170214,-76.1154662445896,3.42,"east",398841.110687499,3929799.48867822
2016,35.4880131874564,-76.1256222613865,3.21,"east",397896.503883461,3927746.34674065
2016,35.4880664963606,-76.1255017296189,2.96,"east",397907.505035714,3927752.13463933
2016,35.4800553666758,-76.1416838318819,2.79333333333333,"east",396429.309781783,3926880.46401437
2016,35.4918684019106,-76.1567599420214,3.96,"east",395076.939906283,3928206.60302362
2016,35.4919783305707,-76.1566435173863,3.96,"east",395087.643509994,3928218.67170445
2016,35.4877433739933,-76.1546359677577,3.87666666666667,"east",395264.24854297,3927746.82891691
2016,35.4914884502399,-76.1610039510542,4.37666666666667,"east",394691.477054061,3928168.98289655
2016,35.4918212117958,-76.1608255003357,4.04333333333333,"east",394708.098296506,3928205.69993733
2016,35.492035788517,-76.1689101812208,4.12666666666667,"east",393975.031325423,3928238.15673938
2016,35.4862280516284,-76.1699292530084,3.79333333333333,"east",393874.956057821,3927595.10002841
2016,35.4806286050337,-76.1677570828015,3.46,"east",394064.655581526,3926971.71669593
2016,35.4781356593924,-76.1735615507478,3.96,"east",393534.780304606,3926701.46326572
2016,35.491590667549,-76.1755662505293,3.96,"east",393370.682467274,3928195.95987883
2016,35.525765279341,-76.283986251872,4.55666666666667,"west",383585.312377248,3932108.99967966
2016,35.5257093720469,-76.2840634492005,4.05666666666667,"west",383578.232007893,3932102.88988779
2016,35.5219641281623,-76.2836591900105,4.05666666666667,"west",383609.478343148,3931687.00905211
2016,35.5186371831554,-76.2842938677187,2.97333333333333,"west",383547.121988258,3931318.75077181
2016,35.5251658056262,-76.2919814140315,3.64,"west",382859.506611366,3932051.97983051
2016,35.5310475547198,-76.2585735787416,3.72333333333333,"west",385896.995897285,3932665.16899953
2016,35.5254971422586,-76.2577406690235,3.97333333333333,"west",385964.657645936,3932048.58309076
2016,35.5254700687113,-76.2575666607136,4.55666666666667,"west",385980.396952014,3932045.37897102
2016,35.5126569047901,-76.2583745923603,5.05666666666667,"west",385889.003749245,3930625.14804475
2016,35.5125433300021,-76.2582232990081,5.30666666666667,"west",385902.563227299,3930612.37590972
2016,35.5075501883733,-76.2592323125119,5.30666666666667,"west",385803.988726084,3930059.73273375
2016,35.5102832336309,-76.252445736971,5.22333333333333,"west",386423.324581396,3930355.02964902
2016,35.510350749861,-76.2523889914865,5.39,"west",386428.565845011,3930362.45281218
2016,35.520659191567,-76.2513770443166,4.30666666666667,"west",386534.846789559,3931504.6419267
2016,35.5207204632792,-76.2511795666779,3.97333333333333,"west",386552.839697296,3931511.21060124
2016,35.5213679233897,-76.2471695803816,4.30666666666667,"west",386917.361032703,3931578.41660571
2016,35.5139208957884,-76.2472083885933,4.14,"west",386903.394908872,3930752.47911829
2016,35.5138316285196,-76.2471485418046,4.39,"west",386908.696872741,3930742.50947004
2016,35.502744675647,-76.2457234506274,4.80666666666667,"west",387022.399326656,3929511.17628021
2016,35.4991850070986,-76.2461895682628,5.30666666666667,"west",386975.136238333,3929116.89313289
2016,35.499024828929,-76.2460702099616,3.55666666666667,"west",386985.737762856,3929098.9903871
2016,35.5099747376847,-76.2338219863141,3.64,"west",388111.857341831,3930299.52453864
2016,35.5099588958877,-76.2338317093218,3.97333333333333,"west",388110.953592854,3930297.77849252
2016,35.4988367809313,-76.2306511961634,4.47333333333333,"west",388383.999934302,3929060.578073
2016,35.4987485194909,-76.2306455802882,4.30666666666667,"west",388384.387184566,3929050.78231063
2016,35.4901532549742,-76.2211655639822,3.72333333333333,"west",389232.437907908,3928086.76620207
2016,35.4859719006675,-76.219626898017,3.80666666666667,"west",389366.279828683,3927621.27165831
2016,35.4835097585204,-76.225015791204,4.72333333333333,"west",388874.03304776,3927354.24203526
2016,35.4767742706793,-76.2254113332147,3.39,"west",388828.87491623,3926607.63190961
2016,35.4767182795661,-76.225311756205,3.97333333333333,"west",388837.832052543,3926601.30959856
2016,35.4683570377859,-76.2385124993289,2.14,"west",387628.544337492,3925688.88305669
2016,35.4682874260801,-76.2384738587553,2.80666666666667,"west",387631.953561015,3925681.11820803
2016,35.4686755920159,-76.2461534422601,2.72333333333333,"west",386935.684141327,3925732.93922492
2016,35.4687240394163,-76.2462064997072,2.39,"west",386930.937782913,3925738.37346055
2016,35.471516805734,-76.2414553855324,3.30666666666667,"west",387365.926707311,3926042.69742313
2016,35.4876728821876,-76.2524106167967,3.80666666666667,"west",386394.672665405,3927847.18323383
2016,35.4925696738395,-76.2588138879056,3.22333333333333,"west",385820.734356292,3928397.69696732
2016,35.4983552825037,-76.260347776186,3.97333333333333,"west",385689.79488848,3929041.17881976
2013,35.48,-76.299,2.2,"west",382157.145242025,3927050.78656815
2013,35.484,-76.3,2.11666666666667,"west",382072.265940715,3927495.63884075
2013,35.487,-76.3,1.95,"west",382076.649283339,3927828.38234811
2013,35.491,-76.3,2.36666666666667,"west",382082.494244169,3928272.04060253
2013,35.499,-76.299,2.45,"west",382184.88777999,3929158.16316848
2013,35.517,-76.299,2.7,"west",382211.182161481,3931154.63103035
2013,35.52,-76.301,2.11666666666667,"west",382034.209164315,3931489.76731278
2013,35.524,-76.303,1.45,"west",381858.71580843,3931935.82281559
2013,35.532,-76.27,2.78333333333333,"west",384862.375723431,3932784.09644006
2013,35.529,-76.27,4.28333333333333,"west",384858.088838564,3932451.35185246
2013,35.526,-76.271,4.53333333333333,"west",384763.131102893,3932119.7759079
2013,35.517,-76.269,5.36666666666667,"west",384931.625747768,3931119.2076405
2013,35.51,-76.268,4.28333333333333,"west",385012.324226702,3930341.63936615
2013,35.505,-76.269,4.36666666666667,"west",384914.499936781,3929788.23355912
2013,35.4986,-76.269,2.86666666666667,"west",384905.368239572,3929078.38174734
2013,35.493,-76.268,2.7,"west",384988.087458806,3928456.09581961
2013,35.457,-76.234,1.28333333333333,"west",388022.246522601,3924424.11092852
2013,35.461,-76.234,2.45,"west",388027.790496379,3924867.76336047
2013,35.466,-76.232,3.11666666666667,"west",388216.197683876,3925420.06297736
2013,35.473,-76.236,2.86666666666667,"west",387862.964938886,3926200.99253047
2013,35.48,-76.238,4.36666666666667,"west",387691.241751864,3926979.66068899
2013,35.486,-76.238,4.7,"west",387699.589618985,3927645.1421955
2013,35.495,-76.239,4.78333333333333,"west",387621.408050864,3928644.50425588
2013,35.501,-76.24,4.53333333333333,"west",387539.066806543,3929311.12704293
2013,35.507,-76.24,4.11666666666667,"west",387547.432492383,3929976.61092704
2013,35.511,-76.241,4.11666666666667,"west",387462.322596184,3930421.40787602
2013,35.518,-76.24,3.36666666666667,"west",387562.772792928,3931196.66635659
2013,35.523,-76.241,3.53333333333333,"west",387479.07282687,3931752.37854881
2013,35.527,-76.242,3.53333333333333,"west",387393.987624263,3932197.17781669
2013,35.525,-76.226,2.53333333333333,"west",388841.943119323,3931957.19084143
2013,35.515,-76.226,3.53333333333333,"west",388828.152370429,3930848.05013584
2013,35.506,-76.225,3.11666666666667,"west",388906.436762649,3929848.69819628
2013,35.498,-76.224,4.78333333333333,"west",388986.120202331,3928960.26249302
2013,35.489,-76.229,3.86666666666667,"west",388520.175385884,3927967.67777741
2013,35.48,-76.22,2.95,"west",389324.245740332,3926959.32658054
2013,35.471,-76.222,2.86666666666667,"west",389130.443421815,3925963.3521076
2013,35.463,-76.223,2.53333333333333,"west",389028.719702059,3925077.17089614
2013,35.457,-76.222,1.95,"west",389111.225923344,3924410.5696637
2013,35.4587,-76.1854,NA,"east",392434.86654136,3924558.6375778
2013,35.4626,-76.1856,NA,"east",392421.910843324,3924991.41414629
2013,35.4685,-76.1857,NA,"east",392420.695111095,3925645.90728159
2013,35.4737,-76.185,NA,"east",392491.132456825,3926221.89055204
2013,35.4777,-76.1844,NA,"east",392550.893111172,3926664.88817758
2013,35.4795,-76.1842,NA,"east",392571.433239252,3926864.31347904
2013,35.4824,-76.1838,NA,"east",392611.580129542,3927185.52533982
2013,35.4857,-76.1833,NA,"east",392661.328240852,3927550.99384615
2013,35.4898,-76.1837,NA,"east",392630.496731231,3928006.17205246
2013,35.4931,-76.1847,NA,"east",392544.180281075,3928373.2736092
2013,35.4976,-76.1898,NA,"east",392087.592142012,3928877.94920224
2013,35.5022,-76.1914,NA,"east",391948.6301569,3929389.9015163
2013,35.5064,-76.192,NA,"east",391899.841154128,3929856.39493828
2013,35.509,-76.1919,NA,"east",391912.395154664,3930144.66017607
2013,35.5118,-76.1933,NA,"east",391789.187438852,3930456.75309069
2013,35.5156,-76.1945,NA,"east",391685.468875887,3930879.5419128
2013,35.5204,-76.1959,NA,"east",391564.970682884,3931413.46603307
2013,35.5255,-76.1972,NA,"east",391453.959533635,3931980.55656655
2013,35.5322,-76.2003,NA,"east",391181.92765164,3932727.09719744
2013,35.5341,-76.2013,NA,"east",391093.832502281,3932938.93817633
2013,35.5306,-76.2171,NA,"east",389656.589816885,3932568.31119194
2013,35.4707,-76.1474,NA,"east",395898.669605457,3925848.85271887
2013,35.4761,-76.1506,NA,"east",395615.307901573,3926451.15805809
2013,35.4781,-76.1505,NA,"east",395626.965991795,3926672.87694738
2013,35.4809,-76.1506,NA,"east",395621.513836854,3926983.5373132
2013,35.4842,-76.1506,NA,"east",395625.780843247,3927349.54828732
2013,35.487,-76.1505,NA,"east",395638.472978148,3927659.99744196
2013,35.4896,-76.1504,NA,"east",395650.906126051,3927948.26422917
2013,35.4914,-76.1502,NA,"east",395671.375390236,3928147.6953373
2013,35.4936,-76.15,NA,"east",395692.361028857,3928391.49157052
2013,35.4963,-76.1491,NA,"east",395777.484391962,3928690.00452661
2013,35.4996,-76.1489,NA,"east",395799.88735841,3929055.80506438
2013,35.5026,-76.1485,NA,"east",395840.040956878,3929388.12078428
2013,35.5059,-76.1477,NA,"east",395916.856404903,3929753.28844783
2013,35.5091,-76.1474,NA,"east",395948.192863988,3930107.89293002
2013,35.5133,-76.1475,NA,"east",395944.543901363,3930573.83254568
2013,35.5168,-76.1463,NA,"east",396057.877132758,3930960.76230204
2013,35.5241,-76.1456,NA,"east",396130.760120302,3931769.68972952
2013,35.5316,-76.1448,NA,"east",396212.957275472,3932600.69576823
2013,35.5461,-76.1433,NA,"east",396367.608306543,3934207.36058301
2013,35.5534,-76.1429,NA,"east",396413.258629124,3935016.60857783
2013,35.559,-76.121,1.86666666666667,"east",398405.316101414,3935614.91775777
2013,35.549,-76.121,2.45,"east",398392.696377475,3934505.7846688
2013,35.544,-76.122,2.7,"east",398295.738385513,3933952.25040556
2013,35.54,-76.122,2.78333333333333,"east",398290.687481525,3933508.59797133
2013,35.537,-76.122,2.78333333333333,"east",398286.899629577,3933175.85883176
2013,35.534,-76.122,2.86666666666667,"east",398283.112057104,3932843.11985171
2013,35.53,-76.12,2.78333333333333,"east",398459.392491658,3932397.4061607
2013,35.524,-76.121,3.11666666666667,"east",398361.160640018,3931732.95970175
2013,35.517,-76.121,3.03333333333333,"east",398352.334108645,3930956.57069601
2013,35.513,-76.123,3.03333333333333,"east",398165.922682628,3930514.98360895
2013,35.508,-76.12,3.11666666666667,"east",398431.67774346,3929957.32728609
2013,35.5,-76.12,2.86666666666667,"east",398421.603373996,3929070.02800367
2013,35.495,-76.112,2.53333333333333,"east",399140.942891328,3928507.25892967
2013,35.491,-76.116,2.45,"east",398773.107648885,3928067.70670856
2013,35.496,-76.116,2.36666666666667,"east",398779.380011514,3928622.26758163
2013,35.486,-76.114,2.61666666666667,"east",398948.26502575,3927511.09644116
2013,35.506,-76.092,2.28333333333333,"east",400968.532210816,3929707.02948807
2013,35.5151,-76.091,2.61666666666667,"east",401070.388532593,3930715.32669289
2013,35.518,-76.091,2.53333333333333,"east",401073.9469964,3931036.97229787
2013,35.52,-76.09,2.36666666666667,"east",401167.077254111,3931257.794139
2013,35.522,-76.088,2.2,"east",401350.876848359,3931477.61593748
2013,35.526,-76.087,2.11666666666667,"east",401446.441685874,3931920.26531876
2013,35.503,-76.085,1.86666666666667,"east",401599.714470053,3929367.28796788
2014,35.48,-76.299,2.18333333333333,"west",382157.145242025,3927050.78656815
2014,35.484,-76.3,2.18333333333333,"west",382072.265940715,3927495.63884075
2014,35.487,-76.3,2.1,"west",382076.649283339,3927828.38234811
2014,35.491,-76.3,2.43333333333333,"west",382082.494244169,3928272.04060253
2014,35.499,-76.299,2.6,"west",382184.88777999,3929158.16316848
2014,35.517,-76.299,2.6,"west",382211.182161481,3931154.63103035
2014,35.52,-76.301,2.18333333333333,"west",382034.209164315,3931489.76731278
2014,35.524,-76.303,1.51666666666667,"west",381858.71580843,3931935.82281559
2014,35.532,-76.27,3.01666666666667,"west",384862.375723431,3932784.09644006
2014,35.529,-76.27,4.01666666666667,"west",384858.088838564,3932451.35185246
2014,35.526,-76.271,4.26666666666667,"west",384763.131102893,3932119.7759079
2014,35.517,-76.269,4.93333333333333,"west",384931.625747768,3931119.2076405
2014,35.51,-76.268,4.26666666666667,"west",385012.324226702,3930341.63936615
2014,35.505,-76.269,4.18333333333333,"west",384914.499936781,3929788.23355912
2014,35.4986,-76.269,2.85,"west",384905.368239572,3929078.38174734
2014,35.493,-76.268,2.51666666666667,"west",384988.087458806,3928456.09581961
2014,35.457,-76.234,1.43333333333333,"west",388022.246522601,3924424.11092852
2014,35.461,-76.234,1.93333333333333,"west",388027.790496379,3924867.76336047
2014,35.466,-76.232,3.01666666666667,"west",388216.197683876,3925420.06297736
2014,35.473,-76.236,3.01666666666667,"west",387862.964938886,3926200.99253047
2014,35.48,-76.238,4.1,"west",387691.241751864,3926979.66068899
2014,35.486,-76.238,4.6,"west",387699.589618985,3927645.1421955
2014,35.495,-76.239,4.43333333333333,"west",387621.408050864,3928644.50425588
2014,35.501,-76.24,4.55833333333333,"west",387539.066806543,3929311.12704293
2014,35.507,-76.24,4.26666666666667,"west",387547.432492383,3929976.61092704
2014,35.511,-76.241,4.26666666666667,"west",387462.322596184,3930421.40787602
2014,35.518,-76.24,3.01666666666667,"west",387562.772792928,3931196.66635659
2014,35.523,-76.241,3.18333333333333,"west",387479.07282687,3931752.37854881
2014,35.527,-76.242,3.6,"west",387393.987624263,3932197.17781669
2014,35.525,-76.226,3.18333333333333,"west",388841.943119323,3931957.19084143
2014,35.515,-76.226,3.68333333333333,"west",388828.152370429,3930848.05013584
2014,35.506,-76.225,3.26666666666667,"west",388906.436762649,3929848.69819628
2014,35.498,-76.224,4.51666666666667,"west",388986.120202331,3928960.26249302
2014,35.489,-76.229,3.6,"west",388520.175385884,3927967.67777741
2014,35.48,-76.22,3.01666666666667,"west",389324.245740332,3926959.32658054
2014,35.471,-76.222,3.01666666666667,"west",389130.443421815,3925963.3521076
2014,35.463,-76.223,2.6,"west",389028.719702059,3925077.17089614
2014,35.457,-76.222,2.1,"west",389111.225923344,3924410.5696637
2014,35.4587,-76.1854,1.92,"east",392434.86654136,3924558.6375778
2014,35.4626,-76.1856,2.42,"east",392421.910843324,3924991.41414629
2014,35.4685,-76.1857,2.92,"east",392420.695111095,3925645.90728159
2014,35.4737,-76.185,3.17,"east",392491.132456825,3926221.89055204
2014,35.4777,-76.1844,3.42,"east",392550.893111172,3926664.88817758
2014,35.4795,-76.1842,3.58666666666667,"east",392571.433239252,3926864.31347904
2014,35.4824,-76.1838,3.58666666666667,"east",392611.580129542,3927185.52533982
2014,35.4857,-76.1833,3.67,"east",392661.328240852,3927550.99384615
2014,35.4898,-76.1837,3.83666666666667,"east",392630.496731231,3928006.17205246
2014,35.4931,-76.1847,3.83666666666667,"east",392544.180281075,3928373.2736092
2014,35.4976,-76.1898,4.00333333333333,"east",392087.592142012,3928877.94920224
2014,35.5022,-76.1914,3.92,"east",391948.6301569,3929389.9015163
2014,35.5064,-76.192,3.83666666666667,"east",391899.841154128,3929856.39493828
2014,35.509,-76.1919,3.75333333333333,"east",391912.395154664,3930144.66017607
2014,35.5118,-76.1933,3.58666666666667,"east",391789.187438852,3930456.75309069
2014,35.5156,-76.1945,3.58666666666667,"east",391685.468875887,3930879.5419128
2014,35.5204,-76.1959,3.50333333333333,"east",391564.970682884,3931413.46603307
2014,35.5255,-76.1972,3.33666666666667,"east",391453.959533635,3931980.55656655
2014,35.5322,-76.2003,2.42,"east",391181.92765164,3932727.09719744
2014,35.5341,-76.2013,1.92,"east",391093.832502281,3932938.93817633
2014,35.4707,-76.1474,1.71166666666667,"east",395898.669605457,3925848.85271887
2014,35.4761,-76.1506,2.58666666666667,"east",395615.307901573,3926451.15805809
2014,35.4781,-76.1505,2.58666666666667,"east",395626.965991795,3926672.87694738
2014,35.4809,-76.1506,2.75333333333333,"east",395621.513836854,3926983.5373132
2014,35.4842,-76.1506,3.08666666666667,"east",395625.780843247,3927349.54828732
2014,35.487,-76.1505,3.33666666666667,"east",395638.472978148,3927659.99744196
2014,35.4896,-76.1504,3.37833333333333,"east",395650.906126051,3927948.26422917
2014,35.4914,-76.1502,3.50333333333333,"east",395671.375390236,3928147.6953373
2014,35.4936,-76.15,3.67,"east",395692.361028857,3928391.49157052
2014,35.4963,-76.1491,3.67,"east",395777.484391962,3928690.00452661
2014,35.4996,-76.1489,3.58666666666667,"east",395799.88735841,3929055.80506438
2014,35.5026,-76.1485,3.58666666666667,"east",395840.040956878,3929388.12078428
2014,35.5059,-76.1477,3.46166666666667,"east",395916.856404903,3929753.28844783
2014,35.5091,-76.1474,3.42,"east",395948.192863988,3930107.89293002
2014,35.5133,-76.1475,3.42,"east",395944.543901363,3930573.83254568
2014,35.5168,-76.1463,3.50333333333333,"east",396057.877132758,3930960.76230204
2014,35.5241,-76.1456,3.58666666666667,"east",396130.760120302,3931769.68972952
2014,35.5316,-76.1448,3.67,"east",396212.957275472,3932600.69576823
2014,35.5461,-76.1433,2.92,"east",396367.608306543,3934207.36058301
2014,35.5534,-76.1429,2.045,"east",396413.258629124,3935016.60857783
2014,35.559,-76.121,1.53333333333333,"east",398405.316101414,3935614.91775777
2014,35.549,-76.121,2.36666666666667,"east",398392.696377475,3934505.7846688
2014,35.544,-76.122,2.53333333333333,"east",398295.738385513,3933952.25040556
2014,35.54,-76.122,2.7,"east",398290.687481525,3933508.59797133
2014,35.537,-76.122,2.78333333333333,"east",398286.899629577,3933175.85883176
2014,35.534,-76.122,2.86666666666667,"east",398283.112057104,3932843.11985171
2014,35.53,-76.12,2.86666666666667,"east",398459.392491658,3932397.4061607
2014,35.524,-76.121,2.95,"east",398361.160640018,3931732.95970175
2014,35.517,-76.121,2.95,"east",398352.334108645,3930956.57069601
2014,35.513,-76.123,3.03333333333333,"east",398165.922682628,3930514.98360895
2014,35.508,-76.12,3.03333333333333,"east",398431.67774346,3929957.32728609
2014,35.5,-76.12,2.78333333333333,"east",398421.603373996,3929070.02800367
2014,35.495,-76.112,2.53333333333333,"east",399140.942891328,3928507.25892967
2014,35.491,-76.116,2.36666666666667,"east",398773.107648885,3928067.70670856
2014,35.496,-76.116,2.7,"east",398779.380011514,3928622.26758163
2014,35.486,-76.114,2.53333333333333,"east",398948.26502575,3927511.09644116
2014,35.506,-76.092,2.36666666666667,"east",400968.532210816,3929707.02948807
2014,35.5151,-76.091,2.53333333333333,"east",401070.388532593,3930715.32669289
2014,35.518,-76.091,2.45,"east",401073.9469964,3931036.97229787
2014,35.52,-76.09,2.28333333333333,"east",401167.077254111,3931257.794139
2014,35.522,-76.088,2.11666666666667,"east",401350.876848359,3931477.61593748
2014,35.526,-76.087,2.03333333333333,"east",401446.441685874,3931920.26531876
2014,35.503,-76.085,1.86666666666667,"east",401599.714470053,3929367.28796788
2015,35.48,-76.299,2.21,"west",382157.145242025,3927050.78656815
2015,35.484,-76.3,2.12666666666667,"west",382072.265940715,3927495.63884075
2015,35.487,-76.3,2.04333333333333,"west",382076.649283339,3927828.38234811
2015,35.491,-76.3,2.37666666666667,"west",382082.494244169,3928272.04060253
2015,35.499,-76.299,2.62666666666667,"west",382184.88777999,3929158.16316848
2015,35.517,-76.299,1.87666666666667,"west",382211.182161481,3931154.63103035
2015,35.52,-76.301,2.15166666666667,"west",382034.209164315,3931489.76731278
2015,35.524,-76.303,1.46,"west",381858.71580843,3931935.82281559
2015,35.532,-76.27,2.87666666666667,"west",384862.375723431,3932784.09644006
2015,35.529,-76.27,4.04333333333333,"west",384858.088838564,3932451.35185246
2015,35.526,-76.271,4.21,"west",384763.131102893,3932119.7759079
2015,35.517,-76.269,5.12666666666667,"west",384931.625747768,3931119.2076405
2015,35.51,-76.268,4.21,"west",385012.324226702,3930341.63936615
2015,35.505,-76.269,4.21,"west",384914.499936781,3929788.23355912
2015,35.4986,-76.269,2.79333333333333,"west",384905.368239572,3929078.38174734
2015,35.493,-76.268,2.54333333333333,"west",384988.087458806,3928456.09581961
2015,35.457,-76.234,1.46,"west",388022.246522601,3924424.11092852
2015,35.461,-76.234,1.96,"west",388027.790496379,3924867.76336047
2015,35.466,-76.232,3.04333333333333,"west",388216.197683876,3925420.06297736
2015,35.473,-76.236,2.79333333333333,"west",387862.964938886,3926200.99253047
2015,35.48,-76.238,4.29333333333333,"west",387691.241751864,3926979.66068899
2015,35.486,-76.238,4.79333333333333,"west",387699.589618985,3927645.1421955
2015,35.495,-76.239,4.62666666666667,"west",387621.408050864,3928644.50425588
2015,35.501,-76.24,4.71,"west",387539.066806543,3929311.12704293
2015,35.507,-76.24,4.29333333333333,"west",387547.432492383,3929976.61092704
2015,35.511,-76.241,4.29333333333333,"west",387462.322596184,3930421.40787602
2015,35.518,-76.24,2.96,"west",387562.772792928,3931196.66635659
2015,35.523,-76.241,3.29333333333333,"west",387479.07282687,3931752.37854881
2015,35.527,-76.242,3.87666666666667,"west",387393.987624263,3932197.17781669
2015,35.525,-76.226,3.29333333333333,"west",388841.943119323,3931957.19084143
2015,35.515,-76.226,4.12666666666667,"west",388828.152370429,3930848.05013584
2015,35.506,-76.225,3.04333333333333,"west",388906.436762649,3929848.69819628
2015,35.498,-76.224,4.54333333333333,"west",388986.120202331,3928960.26249302
2015,35.489,-76.229,4.12666666666667,"west",388520.175385884,3927967.67777741
2015,35.48,-76.22,3.04333333333333,"west",389324.245740332,3926959.32658054
2015,35.471,-76.222,3.21,"west",389130.443421815,3925963.3521076
2015,35.463,-76.223,2.62666666666667,"west",389028.719702059,3925077.17089614
2015,35.457,-76.222,2.12666666666667,"west",389111.225923344,3924410.5696637
2015,35.4587,-76.1854,2.27666666666667,"east",392434.86654136,3924558.6375778
2015,35.4626,-76.1856,2.61,"east",392421.910843324,3924991.41414629
2015,35.4685,-76.1857,2.94333333333333,"east",392420.695111095,3925645.90728159
2015,35.4737,-76.185,3.27666666666667,"east",392491.132456825,3926221.89055204
2015,35.4777,-76.1844,3.61,"east",392550.893111172,3926664.88817758
2015,35.4795,-76.1842,3.61,"east",392571.433239252,3926864.31347904
2015,35.4824,-76.1838,3.69333333333333,"east",392611.580129542,3927185.52533982
2015,35.4857,-76.1833,3.94333333333333,"east",392661.328240852,3927550.99384615
2015,35.4898,-76.1837,4.02666666666667,"east",392630.496731231,3928006.17205246
2015,35.4931,-76.1847,4.11,"east",392544.180281075,3928373.2736092
2015,35.4976,-76.1898,4.11,"east",392087.592142012,3928877.94920224
2015,35.5022,-76.1914,3.61,"east",391948.6301569,3929389.9015163
2015,35.5064,-76.192,4.02666666666667,"east",391899.841154128,3929856.39493828
2015,35.509,-76.1919,3.94333333333333,"east",391912.395154664,3930144.66017607
2015,35.5118,-76.1933,3.86,"east",391789.187438852,3930456.75309069
2015,35.5156,-76.1945,3.86,"east",391685.468875887,3930879.5419128
2015,35.5204,-76.1959,3.86,"east",391564.970682884,3931413.46603307
2015,35.5255,-76.1972,3.69333333333333,"east",391453.959533635,3931980.55656655
2015,35.5322,-76.2003,2.61,"east",391181.92765164,3932727.09719744
2015,35.5341,-76.2013,2.02666666666667,"east",391093.832502281,3932938.93817633
2015,35.5306,-76.2171,1.94333333333333,"east",389656.589816885,3932568.31119194
2015,35.4707,-76.1474,1.94333333333333,"east",395898.669605457,3925848.85271887
2015,35.4761,-76.1506,2.69333333333333,"east",395615.307901573,3926451.15805809
2015,35.4781,-76.1505,2.86,"east",395626.965991795,3926672.87694738
2015,35.4809,-76.1506,3.11,"east",395621.513836854,3926983.5373132
2015,35.4842,-76.1506,3.44333333333333,"east",395625.780843247,3927349.54828732
2015,35.487,-76.1505,3.52666666666667,"east",395638.472978148,3927659.99744196
2015,35.4896,-76.1504,3.61,"east",395650.906126051,3927948.26422917
2015,35.4914,-76.1502,3.69333333333333,"east",395671.375390236,3928147.6953373
2015,35.4936,-76.15,3.77666666666667,"east",395692.361028857,3928391.49157052
2015,35.4963,-76.1491,3.86,"east",395777.484391962,3928690.00452661
2015,35.4996,-76.1489,3.77666666666667,"east",395799.88735841,3929055.80506438
2015,35.5026,-76.1485,3.69333333333333,"east",395840.040956878,3929388.12078428
2015,35.5059,-76.1477,3.52666666666667,"east",395916.856404903,3929753.28844783
2015,35.5091,-76.1474,3.52666666666667,"east",395948.192863988,3930107.89293002
2015,35.5133,-76.1475,3.52666666666667,"east",395944.543901363,3930573.83254568
2015,35.5168,-76.1463,3.69333333333333,"east",396057.877132758,3930960.76230204
2015,35.5241,-76.1456,3.69333333333333,"east",396130.760120302,3931769.68972952
2015,35.5316,-76.1448,3.94333333333333,"east",396212.957275472,3932600.69576823
2015,35.5461,-76.1433,3.19333333333333,"east",396367.608306543,3934207.36058301
2015,35.5534,-76.1429,3.11,"east",396413.258629124,3935016.60857783
2015,35.559,-76.121,1.94333333333333,"east",398405.316101414,3935614.91775777
2015,35.549,-76.121,1.94333333333333,"east",398392.696377475,3934505.7846688
2015,35.544,-76.122,2.77666666666667,"east",398295.738385513,3933952.25040556
2015,35.54,-76.122,2.86,"east",398290.687481525,3933508.59797133
2015,35.537,-76.122,3.11,"east",398286.899629577,3933175.85883176
2015,35.534,-76.122,3.27666666666667,"east",398283.112057104,3932843.11985171
2015,35.53,-76.12,3.27666666666667,"east",398459.392491658,3932397.4061607
2015,35.524,-76.121,3.44333333333333,"east",398361.160640018,3931732.95970175
2015,35.517,-76.121,3.36,"east",398352.334108645,3930956.57069601
2015,35.513,-76.123,3.27666666666667,"east",398165.922682628,3930514.98360895
2015,35.508,-76.12,3.36,"east",398431.67774346,3929957.32728609
2015,35.5,-76.12,3.19333333333333,"east",398421.603373996,3929070.02800367
2015,35.495,-76.112,2.86,"east",399140.942891328,3928507.25892967
2015,35.491,-76.116,2.77666666666667,"east",398773.107648885,3928067.70670856
2015,35.496,-76.116,3.11,"east",398779.380011514,3928622.26758163
2015,35.486,-76.114,2.77666666666667,"east",398948.26502575,3927511.09644116
2015,35.506,-76.092,2.44333333333333,"east",400968.532210816,3929707.02948807
2015,35.5151,-76.091,2.86,"east",401070.388532593,3930715.32669289
2015,35.518,-76.091,2.86,"east",401073.9469964,3931036.97229787
2015,35.52,-76.09,2.69333333333333,"east",401167.077254111,3931257.794139
2015,35.522,-76.088,2.44333333333333,"east",401350.876848359,3931477.61593748
2015,35.526,-76.087,2.36,"east",401446.441685874,3931920.26531876
2015,35.503,-76.085,2.27666666666667,"east",401599.714470053,3929367.28796788
